_step,total_comm_count,epi_reward_agent-0,run_id,run_name
51,0.0,,yc5j624o,env_reset=40 aorpo alpha50
153,0.0,-2398.154365539551,yc5j624o,env_reset=40 aorpo alpha50
232,0.0,-2398.154365539551,yc5j624o,env_reset=40 aorpo alpha50
334,0.0,-1487.1657485961914,yc5j624o,env_reset=40 aorpo alpha50
413,0.0,-1487.1657485961914,yc5j624o,env_reset=40 aorpo alpha50
515,0.0,-1656.6883735656738,yc5j624o,env_reset=40 aorpo alpha50
594,0.0,-1656.6883735656738,yc5j624o,env_reset=40 aorpo alpha50
696,0.0,-2090.1064109802246,yc5j624o,env_reset=40 aorpo alpha50
775,0.0,-2090.1064109802246,yc5j624o,env_reset=40 aorpo alpha50
877,0.0,-1303.8916053771973,yc5j624o,env_reset=40 aorpo alpha50
956,0.0,-1303.8916053771973,yc5j624o,env_reset=40 aorpo alpha50
1058,0.0,-1366.6423797607422,yc5j624o,env_reset=40 aorpo alpha50
1137,0.0,-1366.6423797607422,yc5j624o,env_reset=40 aorpo alpha50
1239,0.0,-1358.7622032165527,yc5j624o,env_reset=40 aorpo alpha50
1318,0.0,-1358.7622032165527,yc5j624o,env_reset=40 aorpo alpha50
1420,0.0,-1425.7712326049805,yc5j624o,env_reset=40 aorpo alpha50
1499,0.0,-1425.7712326049805,yc5j624o,env_reset=40 aorpo alpha50
1601,0.0,-1545.2764129638672,yc5j624o,env_reset=40 aorpo alpha50
1680,0.0,-1545.2764129638672,yc5j624o,env_reset=40 aorpo alpha50
1782,0.0,-1869.2146682739258,yc5j624o,env_reset=40 aorpo alpha50
1861,0.0,-1869.2146682739258,yc5j624o,env_reset=40 aorpo alpha50
1963,0.0,-1839.6430625915527,yc5j624o,env_reset=40 aorpo alpha50
2042,0.0,-1839.6430625915527,yc5j624o,env_reset=40 aorpo alpha50
2144,0.0,-1813.4390411376953,yc5j624o,env_reset=40 aorpo alpha50
2223,0.0,-1813.4390411376953,yc5j624o,env_reset=40 aorpo alpha50
2325,0.0,-1754.2550926208496,yc5j624o,env_reset=40 aorpo alpha50
2404,0.0,-1754.2550926208496,yc5j624o,env_reset=40 aorpo alpha50
2506,0.0,-1914.0111923217773,yc5j624o,env_reset=40 aorpo alpha50
2585,0.0,-1914.0111923217773,yc5j624o,env_reset=40 aorpo alpha50
2687,0.0,-1561.9860038757324,yc5j624o,env_reset=40 aorpo alpha50
2766,0.0,-1561.9860038757324,yc5j624o,env_reset=40 aorpo alpha50
2868,0.0,-2070.3319664001465,yc5j624o,env_reset=40 aorpo alpha50
2947,0.0,-2070.3319664001465,yc5j624o,env_reset=40 aorpo alpha50
3049,0.0,-1885.7699584960938,yc5j624o,env_reset=40 aorpo alpha50
3128,0.0,-1885.7699584960938,yc5j624o,env_reset=40 aorpo alpha50
3230,0.0,-1851.802619934082,yc5j624o,env_reset=40 aorpo alpha50
3309,0.0,-1851.802619934082,yc5j624o,env_reset=40 aorpo alpha50
3411,0.0,-1384.2143478393555,yc5j624o,env_reset=40 aorpo alpha50
3490,0.0,-1384.2143478393555,yc5j624o,env_reset=40 aorpo alpha50
3592,0.0,-1673.1739768981934,yc5j624o,env_reset=40 aorpo alpha50
3671,0.0,-1673.1739768981934,yc5j624o,env_reset=40 aorpo alpha50
3773,0.0,-1692.1477966308594,yc5j624o,env_reset=40 aorpo alpha50
3852,0.0,-1692.1477966308594,yc5j624o,env_reset=40 aorpo alpha50
3954,0.0,-1658.2749557495117,yc5j624o,env_reset=40 aorpo alpha50
4033,0.0,-1658.2749557495117,yc5j624o,env_reset=40 aorpo alpha50
4135,0.0,-1758.9411087036133,yc5j624o,env_reset=40 aorpo alpha50
4214,1024.0,-1758.9411087036133,yc5j624o,env_reset=40 aorpo alpha50
4316,1024.0,-1715.2404861450195,yc5j624o,env_reset=40 aorpo alpha50
4395,2048.0,-1715.2404861450195,yc5j624o,env_reset=40 aorpo alpha50
4497,2048.0,-1732.4834747314453,yc5j624o,env_reset=40 aorpo alpha50
4576,3072.0,-1732.4834747314453,yc5j624o,env_reset=40 aorpo alpha50
4678,3072.0,-1802.3976097106934,yc5j624o,env_reset=40 aorpo alpha50
4757,4096.0,-1802.3976097106934,yc5j624o,env_reset=40 aorpo alpha50
4859,4096.0,-1808.2257118225098,yc5j624o,env_reset=40 aorpo alpha50
4938,5120.0,-1808.2257118225098,yc5j624o,env_reset=40 aorpo alpha50
5040,5120.0,-1783.2565956115723,yc5j624o,env_reset=40 aorpo alpha50
5119,6144.0,-1783.2565956115723,yc5j624o,env_reset=40 aorpo alpha50
5221,6144.0,-1788.195987701416,yc5j624o,env_reset=40 aorpo alpha50
5300,7168.0,-1788.195987701416,yc5j624o,env_reset=40 aorpo alpha50
5402,7168.0,-1822.8532257080078,yc5j624o,env_reset=40 aorpo alpha50
5481,8192.0,-1822.8532257080078,yc5j624o,env_reset=40 aorpo alpha50
5583,8192.0,-1617.5976867675781,yc5j624o,env_reset=40 aorpo alpha50
5662,9216.0,-1617.5976867675781,yc5j624o,env_reset=40 aorpo alpha50
5764,9216.0,-1338.444969177246,yc5j624o,env_reset=40 aorpo alpha50
5843,10240.0,-1338.444969177246,yc5j624o,env_reset=40 aorpo alpha50
5945,10240.0,-839.4177894592285,yc5j624o,env_reset=40 aorpo alpha50
6024,11264.0,-839.4177894592285,yc5j624o,env_reset=40 aorpo alpha50
6126,11264.0,-1090.6482048034668,yc5j624o,env_reset=40 aorpo alpha50
6205,12288.0,-1090.6482048034668,yc5j624o,env_reset=40 aorpo alpha50
6307,12288.0,-945.3693218231201,yc5j624o,env_reset=40 aorpo alpha50
6386,13312.0,-945.3693218231201,yc5j624o,env_reset=40 aorpo alpha50
6488,13312.0,-876.5038967132568,yc5j624o,env_reset=40 aorpo alpha50
6567,14336.0,-876.5038967132568,yc5j624o,env_reset=40 aorpo alpha50
6669,14336.0,-951.7336597442627,yc5j624o,env_reset=40 aorpo alpha50
6748,15360.0,-951.7336597442627,yc5j624o,env_reset=40 aorpo alpha50
6850,15360.0,-958.244758605957,yc5j624o,env_reset=40 aorpo alpha50
6929,16384.0,-958.244758605957,yc5j624o,env_reset=40 aorpo alpha50
7031,16384.0,-1022.1043472290039,yc5j624o,env_reset=40 aorpo alpha50
7110,17408.0,-1022.1043472290039,yc5j624o,env_reset=40 aorpo alpha50
7212,17408.0,-1191.3839416503906,yc5j624o,env_reset=40 aorpo alpha50
7291,19456.0,-1191.3839416503906,yc5j624o,env_reset=40 aorpo alpha50
7393,19456.0,-1167.357624053955,yc5j624o,env_reset=40 aorpo alpha50
7472,21504.0,-1167.357624053955,yc5j624o,env_reset=40 aorpo alpha50
7574,21504.0,-887.5043392181396,yc5j624o,env_reset=40 aorpo alpha50
7653,23552.0,-887.5043392181396,yc5j624o,env_reset=40 aorpo alpha50
7755,23552.0,-937.3292140960693,yc5j624o,env_reset=40 aorpo alpha50
7834,25600.0,-937.3292140960693,yc5j624o,env_reset=40 aorpo alpha50
7936,25600.0,-966.4935188293457,yc5j624o,env_reset=40 aorpo alpha50
8015,27648.0,-966.4935188293457,yc5j624o,env_reset=40 aorpo alpha50
8117,27648.0,-991.1428203582764,yc5j624o,env_reset=40 aorpo alpha50
8196,29696.0,-991.1428203582764,yc5j624o,env_reset=40 aorpo alpha50
8298,29696.0,-948.6784973144531,yc5j624o,env_reset=40 aorpo alpha50
8377,31744.0,-948.6784973144531,yc5j624o,env_reset=40 aorpo alpha50
8479,31744.0,-873.0182209014893,yc5j624o,env_reset=40 aorpo alpha50
8558,33792.0,-873.0182209014893,yc5j624o,env_reset=40 aorpo alpha50
8660,33792.0,-840.2459354400635,yc5j624o,env_reset=40 aorpo alpha50
8739,35840.0,-840.2459354400635,yc5j624o,env_reset=40 aorpo alpha50
8841,35840.0,-747.8202857971191,yc5j624o,env_reset=40 aorpo alpha50
8920,37888.0,-747.8202857971191,yc5j624o,env_reset=40 aorpo alpha50
9022,37888.0,-760.2875490188599,yc5j624o,env_reset=40 aorpo alpha50
9101,39936.0,-760.2875490188599,yc5j624o,env_reset=40 aorpo alpha50
9203,39936.0,-881.1018657684326,yc5j624o,env_reset=40 aorpo alpha50
9282,41984.0,-881.1018657684326,yc5j624o,env_reset=40 aorpo alpha50
9384,41984.0,-835.4154796600342,yc5j624o,env_reset=40 aorpo alpha50
9463,44032.0,-835.4154796600342,yc5j624o,env_reset=40 aorpo alpha50
9565,44032.0,-757.2642478942871,yc5j624o,env_reset=40 aorpo alpha50
9644,46080.0,-757.2642478942871,yc5j624o,env_reset=40 aorpo alpha50
9746,46080.0,-945.6355533599854,yc5j624o,env_reset=40 aorpo alpha50
9825,48128.0,-945.6355533599854,yc5j624o,env_reset=40 aorpo alpha50
9927,48128.0,-949.0873985290527,yc5j624o,env_reset=40 aorpo alpha50
10006,50176.0,-949.0873985290527,yc5j624o,env_reset=40 aorpo alpha50
10108,50176.0,-885.6514854431152,yc5j624o,env_reset=40 aorpo alpha50
10187,52224.0,-885.6514854431152,yc5j624o,env_reset=40 aorpo alpha50
10289,52224.0,-805.6035280227661,yc5j624o,env_reset=40 aorpo alpha50
10368,55296.0,-805.6035280227661,yc5j624o,env_reset=40 aorpo alpha50
10470,55296.0,-695.0088357925415,yc5j624o,env_reset=40 aorpo alpha50
10549,58368.0,-695.0088357925415,yc5j624o,env_reset=40 aorpo alpha50
10651,58368.0,-916.3920745849609,yc5j624o,env_reset=40 aorpo alpha50
10730,61440.0,-916.3920745849609,yc5j624o,env_reset=40 aorpo alpha50
10832,61440.0,-715.5580558776855,yc5j624o,env_reset=40 aorpo alpha50
10911,64512.0,-715.5580558776855,yc5j624o,env_reset=40 aorpo alpha50
11013,64512.0,-788.4837017059326,yc5j624o,env_reset=40 aorpo alpha50
11092,67584.0,-788.4837017059326,yc5j624o,env_reset=40 aorpo alpha50
11194,67584.0,-779.4788951873779,yc5j624o,env_reset=40 aorpo alpha50
11273,70656.0,-779.4788951873779,yc5j624o,env_reset=40 aorpo alpha50
11375,70656.0,-826.5734310150146,yc5j624o,env_reset=40 aorpo alpha50
11454,73728.0,-826.5734310150146,yc5j624o,env_reset=40 aorpo alpha50
11556,73728.0,-798.1449356079102,yc5j624o,env_reset=40 aorpo alpha50
11635,76800.0,-798.1449356079102,yc5j624o,env_reset=40 aorpo alpha50
11737,76800.0,-790.3238182067871,yc5j624o,env_reset=40 aorpo alpha50
11816,79872.0,-790.3238182067871,yc5j624o,env_reset=40 aorpo alpha50
11918,79872.0,-797.2593936920166,yc5j624o,env_reset=40 aorpo alpha50
11997,82944.0,-797.2593936920166,yc5j624o,env_reset=40 aorpo alpha50
12099,82944.0,-794.3441295623779,yc5j624o,env_reset=40 aorpo alpha50
12178,86016.0,-794.3441295623779,yc5j624o,env_reset=40 aorpo alpha50
12280,86016.0,-847.1276321411133,yc5j624o,env_reset=40 aorpo alpha50
12359,89088.0,-847.1276321411133,yc5j624o,env_reset=40 aorpo alpha50
12461,89088.0,-770.985673904419,yc5j624o,env_reset=40 aorpo alpha50
12540,92160.0,-770.985673904419,yc5j624o,env_reset=40 aorpo alpha50
12642,92160.0,-795.6494598388672,yc5j624o,env_reset=40 aorpo alpha50
12721,95232.0,-795.6494598388672,yc5j624o,env_reset=40 aorpo alpha50
12823,95232.0,-896.9608936309814,yc5j624o,env_reset=40 aorpo alpha50
12902,98304.0,-896.9608936309814,yc5j624o,env_reset=40 aorpo alpha50
13004,98304.0,-869.4707622528076,yc5j624o,env_reset=40 aorpo alpha50
13083,101376.0,-869.4707622528076,yc5j624o,env_reset=40 aorpo alpha50
13185,101376.0,-896.3921604156494,yc5j624o,env_reset=40 aorpo alpha50
13264,104448.0,-896.3921604156494,yc5j624o,env_reset=40 aorpo alpha50
13366,104448.0,-885.041187286377,yc5j624o,env_reset=40 aorpo alpha50
13445,107520.0,-885.041187286377,yc5j624o,env_reset=40 aorpo alpha50
13547,107520.0,-905.6673965454102,yc5j624o,env_reset=40 aorpo alpha50
13626,111616.0,-905.6673965454102,yc5j624o,env_reset=40 aorpo alpha50
13728,111616.0,-851.572114944458,yc5j624o,env_reset=40 aorpo alpha50
13807,115712.0,-851.572114944458,yc5j624o,env_reset=40 aorpo alpha50
13909,115712.0,-912.0228271484375,yc5j624o,env_reset=40 aorpo alpha50
13988,119808.0,-912.0228271484375,yc5j624o,env_reset=40 aorpo alpha50
14090,119808.0,-870.1420669555664,yc5j624o,env_reset=40 aorpo alpha50
14169,123904.0,-870.1420669555664,yc5j624o,env_reset=40 aorpo alpha50
14271,123904.0,-898.1884288787842,yc5j624o,env_reset=40 aorpo alpha50
14350,128000.0,-898.1884288787842,yc5j624o,env_reset=40 aorpo alpha50
14452,128000.0,-849.8465480804443,yc5j624o,env_reset=40 aorpo alpha50
14531,132096.0,-849.8465480804443,yc5j624o,env_reset=40 aorpo alpha50
14633,132096.0,-848.413179397583,yc5j624o,env_reset=40 aorpo alpha50
14712,136192.0,-848.413179397583,yc5j624o,env_reset=40 aorpo alpha50
14814,136192.0,-865.8602390289307,yc5j624o,env_reset=40 aorpo alpha50
14893,140288.0,-865.8602390289307,yc5j624o,env_reset=40 aorpo alpha50
14995,140288.0,-897.4573383331299,yc5j624o,env_reset=40 aorpo alpha50
15074,143360.0,-897.4573383331299,yc5j624o,env_reset=40 aorpo alpha50
15176,143360.0,-909.7947406768799,yc5j624o,env_reset=40 aorpo alpha50
15255,146432.0,-909.7947406768799,yc5j624o,env_reset=40 aorpo alpha50
15357,146432.0,-873.6950569152832,yc5j624o,env_reset=40 aorpo alpha50
15436,149504.0,-873.6950569152832,yc5j624o,env_reset=40 aorpo alpha50
15538,149504.0,-819.8058624267578,yc5j624o,env_reset=40 aorpo alpha50
15617,153600.0,-819.8058624267578,yc5j624o,env_reset=40 aorpo alpha50
15719,153600.0,-926.8884830474854,yc5j624o,env_reset=40 aorpo alpha50
15798,156672.0,-926.8884830474854,yc5j624o,env_reset=40 aorpo alpha50
15900,156672.0,-881.1152610778809,yc5j624o,env_reset=40 aorpo alpha50
15979,160768.0,-881.1152610778809,yc5j624o,env_reset=40 aorpo alpha50
16081,160768.0,-834.1928539276123,yc5j624o,env_reset=40 aorpo alpha50
16160,164864.0,-834.1928539276123,yc5j624o,env_reset=40 aorpo alpha50
16262,164864.0,-784.5272159576416,yc5j624o,env_reset=40 aorpo alpha50
16341,168960.0,-784.5272159576416,yc5j624o,env_reset=40 aorpo alpha50
16443,168960.0,-770.4417304992676,yc5j624o,env_reset=40 aorpo alpha50
16522,174080.0,-770.4417304992676,yc5j624o,env_reset=40 aorpo alpha50
16624,174080.0,-793.9337768554688,yc5j624o,env_reset=40 aorpo alpha50
16703,178176.0,-793.9337768554688,yc5j624o,env_reset=40 aorpo alpha50
16805,178176.0,-908.5321826934814,yc5j624o,env_reset=40 aorpo alpha50
16884,182272.0,-908.5321826934814,yc5j624o,env_reset=40 aorpo alpha50
16986,182272.0,-800.6296310424805,yc5j624o,env_reset=40 aorpo alpha50
17065,186368.0,-800.6296310424805,yc5j624o,env_reset=40 aorpo alpha50
17167,186368.0,-931.08620262146,yc5j624o,env_reset=40 aorpo alpha50
17246,190464.0,-931.08620262146,yc5j624o,env_reset=40 aorpo alpha50
17348,190464.0,-816.7761707305908,yc5j624o,env_reset=40 aorpo alpha50
17427,195584.0,-816.7761707305908,yc5j624o,env_reset=40 aorpo alpha50
17529,195584.0,-783.7896938323975,yc5j624o,env_reset=40 aorpo alpha50
17608,199680.0,-783.7896938323975,yc5j624o,env_reset=40 aorpo alpha50
17710,199680.0,-881.6931648254395,yc5j624o,env_reset=40 aorpo alpha50
17789,203776.0,-881.6931648254395,yc5j624o,env_reset=40 aorpo alpha50
17891,203776.0,-800.364860534668,yc5j624o,env_reset=40 aorpo alpha50
17970,208896.0,-800.364860534668,yc5j624o,env_reset=40 aorpo alpha50
18072,208896.0,-770.2594451904297,yc5j624o,env_reset=40 aorpo alpha50
18151,212992.0,-770.2594451904297,yc5j624o,env_reset=40 aorpo alpha50
18253,212992.0,-895.2938804626465,yc5j624o,env_reset=40 aorpo alpha50
18332,218112.0,-895.2938804626465,yc5j624o,env_reset=40 aorpo alpha50
18434,218112.0,-828.4332675933838,yc5j624o,env_reset=40 aorpo alpha50
18513,222208.0,-828.4332675933838,yc5j624o,env_reset=40 aorpo alpha50
18615,222208.0,-913.5551738739014,yc5j624o,env_reset=40 aorpo alpha50
18694,226304.0,-913.5551738739014,yc5j624o,env_reset=40 aorpo alpha50
18796,226304.0,-850.0427093505859,yc5j624o,env_reset=40 aorpo alpha50
18875,230400.0,-850.0427093505859,yc5j624o,env_reset=40 aorpo alpha50
18977,230400.0,-913.4859714508057,yc5j624o,env_reset=40 aorpo alpha50
19056,234496.0,-913.4859714508057,yc5j624o,env_reset=40 aorpo alpha50
19158,234496.0,-901.4814777374268,yc5j624o,env_reset=40 aorpo alpha50
19237,238592.0,-901.4814777374268,yc5j624o,env_reset=40 aorpo alpha50
19339,238592.0,-866.4809036254883,yc5j624o,env_reset=40 aorpo alpha50
19418,242688.0,-866.4809036254883,yc5j624o,env_reset=40 aorpo alpha50
19520,242688.0,-830.3241806030273,yc5j624o,env_reset=40 aorpo alpha50
19599,246784.0,-830.3241806030273,yc5j624o,env_reset=40 aorpo alpha50
19701,246784.0,-898.4594402313232,yc5j624o,env_reset=40 aorpo alpha50
19780,250880.0,-898.4594402313232,yc5j624o,env_reset=40 aorpo alpha50
19882,250880.0,-905.7684898376465,yc5j624o,env_reset=40 aorpo alpha50
19961,253952.0,-905.7684898376465,yc5j624o,env_reset=40 aorpo alpha50
20063,253952.0,-934.2243785858154,yc5j624o,env_reset=40 aorpo alpha50
20142,258048.0,-934.2243785858154,yc5j624o,env_reset=40 aorpo alpha50
20244,258048.0,-890.7574405670166,yc5j624o,env_reset=40 aorpo alpha50
20323,261120.0,-890.7574405670166,yc5j624o,env_reset=40 aorpo alpha50
20425,261120.0,-925.2004928588867,yc5j624o,env_reset=40 aorpo alpha50
20504,265216.0,-925.2004928588867,yc5j624o,env_reset=40 aorpo alpha50
20606,265216.0,-865.057523727417,yc5j624o,env_reset=40 aorpo alpha50
20685,268288.0,-865.057523727417,yc5j624o,env_reset=40 aorpo alpha50
20787,268288.0,-865.750638961792,yc5j624o,env_reset=40 aorpo alpha50
20866,272384.0,-865.750638961792,yc5j624o,env_reset=40 aorpo alpha50
20968,272384.0,-838.7314414978027,yc5j624o,env_reset=40 aorpo alpha50
21047,276480.0,-838.7314414978027,yc5j624o,env_reset=40 aorpo alpha50
21149,276480.0,-907.4162425994873,yc5j624o,env_reset=40 aorpo alpha50
21228,280576.0,-907.4162425994873,yc5j624o,env_reset=40 aorpo alpha50
21330,280576.0,-912.5826015472412,yc5j624o,env_reset=40 aorpo alpha50
21409,283648.0,-912.5826015472412,yc5j624o,env_reset=40 aorpo alpha50
21511,283648.0,-842.4512548446655,yc5j624o,env_reset=40 aorpo alpha50
21590,287744.0,-842.4512548446655,yc5j624o,env_reset=40 aorpo alpha50
21692,287744.0,-874.8358211517334,yc5j624o,env_reset=40 aorpo alpha50
21771,291840.0,-874.8358211517334,yc5j624o,env_reset=40 aorpo alpha50
21873,291840.0,-842.6798934936523,yc5j624o,env_reset=40 aorpo alpha50
21952,295936.0,-842.6798934936523,yc5j624o,env_reset=40 aorpo alpha50
22054,295936.0,-858.3738784790039,yc5j624o,env_reset=40 aorpo alpha50
22133,300032.0,-858.3738784790039,yc5j624o,env_reset=40 aorpo alpha50
22235,300032.0,-876.1113891601562,yc5j624o,env_reset=40 aorpo alpha50
22314,303104.0,-876.1113891601562,yc5j624o,env_reset=40 aorpo alpha50
22416,303104.0,-819.634801864624,yc5j624o,env_reset=40 aorpo alpha50
22495,307200.0,-819.634801864624,yc5j624o,env_reset=40 aorpo alpha50
22597,307200.0,-846.279956817627,yc5j624o,env_reset=40 aorpo alpha50
22676,311296.0,-846.279956817627,yc5j624o,env_reset=40 aorpo alpha50
22778,311296.0,-857.4064083099365,yc5j624o,env_reset=40 aorpo alpha50
22857,315392.0,-857.4064083099365,yc5j624o,env_reset=40 aorpo alpha50
22959,315392.0,-865.0611457824707,yc5j624o,env_reset=40 aorpo alpha50
23038,318464.0,-865.0611457824707,yc5j624o,env_reset=40 aorpo alpha50
23140,318464.0,-905.4250450134277,yc5j624o,env_reset=40 aorpo alpha50
23219,321536.0,-905.4250450134277,yc5j624o,env_reset=40 aorpo alpha50
23321,321536.0,-843.7900581359863,yc5j624o,env_reset=40 aorpo alpha50
23400,324608.0,-843.7900581359863,yc5j624o,env_reset=40 aorpo alpha50
23502,324608.0,-829.20823097229,yc5j624o,env_reset=40 aorpo alpha50
23581,327680.0,-829.20823097229,yc5j624o,env_reset=40 aorpo alpha50
23683,327680.0,-792.4894199371338,yc5j624o,env_reset=40 aorpo alpha50
23762,330752.0,-792.4894199371338,yc5j624o,env_reset=40 aorpo alpha50
23864,330752.0,-737.8080635070801,yc5j624o,env_reset=40 aorpo alpha50
23943,334848.0,-737.8080635070801,yc5j624o,env_reset=40 aorpo alpha50
24045,334848.0,-772.0902824401855,yc5j624o,env_reset=40 aorpo alpha50
24124,337920.0,-772.0902824401855,yc5j624o,env_reset=40 aorpo alpha50
24226,337920.0,-794.9824695587158,yc5j624o,env_reset=40 aorpo alpha50
24305,340992.0,-794.9824695587158,yc5j624o,env_reset=40 aorpo alpha50
24407,340992.0,-870.6022911071777,yc5j624o,env_reset=40 aorpo alpha50
24486,344064.0,-870.6022911071777,yc5j624o,env_reset=40 aorpo alpha50
24588,344064.0,-863.5682983398438,yc5j624o,env_reset=40 aorpo alpha50
24667,348160.0,-863.5682983398438,yc5j624o,env_reset=40 aorpo alpha50
24769,348160.0,-726.8356952667236,yc5j624o,env_reset=40 aorpo alpha50
24848,351232.0,-726.8356952667236,yc5j624o,env_reset=40 aorpo alpha50
24950,351232.0,-825.5576610565186,yc5j624o,env_reset=40 aorpo alpha50
25029,354304.0,-825.5576610565186,yc5j624o,env_reset=40 aorpo alpha50
25131,354304.0,-850.2248249053955,yc5j624o,env_reset=40 aorpo alpha50
25210,357376.0,-850.2248249053955,yc5j624o,env_reset=40 aorpo alpha50
25312,357376.0,-829.4968376159668,yc5j624o,env_reset=40 aorpo alpha50
25391,360448.0,-829.4968376159668,yc5j624o,env_reset=40 aorpo alpha50
25493,360448.0,-852.6926918029785,yc5j624o,env_reset=40 aorpo alpha50
25572,364544.0,-852.6926918029785,yc5j624o,env_reset=40 aorpo alpha50
25674,364544.0,-774.5523624420166,yc5j624o,env_reset=40 aorpo alpha50
25753,367616.0,-774.5523624420166,yc5j624o,env_reset=40 aorpo alpha50
25855,367616.0,-900.3153285980225,yc5j624o,env_reset=40 aorpo alpha50
25934,371712.0,-900.3153285980225,yc5j624o,env_reset=40 aorpo alpha50
26036,371712.0,-802.6976318359375,yc5j624o,env_reset=40 aorpo alpha50
26115,374784.0,-802.6976318359375,yc5j624o,env_reset=40 aorpo alpha50
26217,374784.0,-901.3894596099854,yc5j624o,env_reset=40 aorpo alpha50
26296,377856.0,-901.3894596099854,yc5j624o,env_reset=40 aorpo alpha50
26398,377856.0,-829.683027267456,yc5j624o,env_reset=40 aorpo alpha50
26477,381952.0,-829.683027267456,yc5j624o,env_reset=40 aorpo alpha50
26579,381952.0,-815.6286029815674,yc5j624o,env_reset=40 aorpo alpha50
26658,386048.0,-815.6286029815674,yc5j624o,env_reset=40 aorpo alpha50
26760,386048.0,-804.0915565490723,yc5j624o,env_reset=40 aorpo alpha50
26839,389120.0,-804.0915565490723,yc5j624o,env_reset=40 aorpo alpha50
26941,389120.0,-779.0195980072021,yc5j624o,env_reset=40 aorpo alpha50
27020,392192.0,-779.0195980072021,yc5j624o,env_reset=40 aorpo alpha50
27122,392192.0,-861.1692218780518,yc5j624o,env_reset=40 aorpo alpha50
27201,395264.0,-861.1692218780518,yc5j624o,env_reset=40 aorpo alpha50
27303,395264.0,-826.7891387939453,yc5j624o,env_reset=40 aorpo alpha50
27382,399360.0,-826.7891387939453,yc5j624o,env_reset=40 aorpo alpha50
27484,399360.0,-775.7441177368164,yc5j624o,env_reset=40 aorpo alpha50
27563,403456.0,-775.7441177368164,yc5j624o,env_reset=40 aorpo alpha50
27665,403456.0,-754.1012516021729,yc5j624o,env_reset=40 aorpo alpha50
27744,407552.0,-754.1012516021729,yc5j624o,env_reset=40 aorpo alpha50
27846,407552.0,-753.3797302246094,yc5j624o,env_reset=40 aorpo alpha50
27925,410624.0,-753.3797302246094,yc5j624o,env_reset=40 aorpo alpha50
28027,410624.0,-733.6990814208984,yc5j624o,env_reset=40 aorpo alpha50
28106,414720.0,-733.6990814208984,yc5j624o,env_reset=40 aorpo alpha50
28208,414720.0,-808.2211570739746,yc5j624o,env_reset=40 aorpo alpha50
28287,418816.0,-808.2211570739746,yc5j624o,env_reset=40 aorpo alpha50
28389,418816.0,-799.0371360778809,yc5j624o,env_reset=40 aorpo alpha50
28468,422912.0,-799.0371360778809,yc5j624o,env_reset=40 aorpo alpha50
28570,422912.0,-718.8745336532593,yc5j624o,env_reset=40 aorpo alpha50
28649,427008.0,-718.8745336532593,yc5j624o,env_reset=40 aorpo alpha50
28751,427008.0,-819.589451789856,yc5j624o,env_reset=40 aorpo alpha50
28830,431104.0,-819.589451789856,yc5j624o,env_reset=40 aorpo alpha50
28932,431104.0,-788.2859630584717,yc5j624o,env_reset=40 aorpo alpha50
29011,435200.0,-788.2859630584717,yc5j624o,env_reset=40 aorpo alpha50
29113,435200.0,-769.4405879974365,yc5j624o,env_reset=40 aorpo alpha50
29192,439296.0,-769.4405879974365,yc5j624o,env_reset=40 aorpo alpha50
29294,439296.0,-707.4346389770508,yc5j624o,env_reset=40 aorpo alpha50
29373,442368.0,-707.4346389770508,yc5j624o,env_reset=40 aorpo alpha50
29475,442368.0,-824.1499423980713,yc5j624o,env_reset=40 aorpo alpha50
29554,445440.0,-824.1499423980713,yc5j624o,env_reset=40 aorpo alpha50
29656,445440.0,-889.9883098602295,yc5j624o,env_reset=40 aorpo alpha50
29735,449536.0,-889.9883098602295,yc5j624o,env_reset=40 aorpo alpha50
29837,449536.0,-963.969295501709,yc5j624o,env_reset=40 aorpo alpha50
29916,452608.0,-963.969295501709,yc5j624o,env_reset=40 aorpo alpha50
30018,452608.0,-775.5085182189941,yc5j624o,env_reset=40 aorpo alpha50
30097,455680.0,-775.5085182189941,yc5j624o,env_reset=40 aorpo alpha50
30199,455680.0,-733.1733417510986,yc5j624o,env_reset=40 aorpo alpha50
30278,458752.0,-733.1733417510986,yc5j624o,env_reset=40 aorpo alpha50
30380,458752.0,-765.3467617034912,yc5j624o,env_reset=40 aorpo alpha50
30459,462848.0,-765.3467617034912,yc5j624o,env_reset=40 aorpo alpha50
30561,462848.0,-765.0355653762817,yc5j624o,env_reset=40 aorpo alpha50
30640,466944.0,-765.0355653762817,yc5j624o,env_reset=40 aorpo alpha50
30742,466944.0,-708.3512001037598,yc5j624o,env_reset=40 aorpo alpha50
30821,471040.0,-708.3512001037598,yc5j624o,env_reset=40 aorpo alpha50
30923,471040.0,-801.6668472290039,yc5j624o,env_reset=40 aorpo alpha50
31002,475136.0,-801.6668472290039,yc5j624o,env_reset=40 aorpo alpha50
31104,475136.0,-729.3639678955078,yc5j624o,env_reset=40 aorpo alpha50
31183,479232.0,-729.3639678955078,yc5j624o,env_reset=40 aorpo alpha50
31285,479232.0,-776.9772663116455,yc5j624o,env_reset=40 aorpo alpha50
31364,482304.0,-776.9772663116455,yc5j624o,env_reset=40 aorpo alpha50
31466,482304.0,-930.2957096099854,yc5j624o,env_reset=40 aorpo alpha50
31545,486400.0,-930.2957096099854,yc5j624o,env_reset=40 aorpo alpha50
31647,486400.0,-812.8700942993164,yc5j624o,env_reset=40 aorpo alpha50
31726,490496.0,-812.8700942993164,yc5j624o,env_reset=40 aorpo alpha50
31828,490496.0,-937.7394075393677,yc5j624o,env_reset=40 aorpo alpha50
31907,493568.0,-937.7394075393677,yc5j624o,env_reset=40 aorpo alpha50
32009,493568.0,-928.9304885864258,yc5j624o,env_reset=40 aorpo alpha50
32088,496640.0,-928.9304885864258,yc5j624o,env_reset=40 aorpo alpha50
32190,496640.0,-846.2982730865479,yc5j624o,env_reset=40 aorpo alpha50
32269,498688.0,-846.2982730865479,yc5j624o,env_reset=40 aorpo alpha50
32371,498688.0,-695.5110683441162,yc5j624o,env_reset=40 aorpo alpha50
32450,502784.0,-695.5110683441162,yc5j624o,env_reset=40 aorpo alpha50
32552,502784.0,-757.221097946167,yc5j624o,env_reset=40 aorpo alpha50
32631,505856.0,-757.221097946167,yc5j624o,env_reset=40 aorpo alpha50
32733,505856.0,-779.4096851348877,yc5j624o,env_reset=40 aorpo alpha50
32812,508928.0,-779.4096851348877,yc5j624o,env_reset=40 aorpo alpha50
32914,508928.0,-769.8289852142334,yc5j624o,env_reset=40 aorpo alpha50
32993,512000.0,-769.8289852142334,yc5j624o,env_reset=40 aorpo alpha50
33095,512000.0,-749.3597183227539,yc5j624o,env_reset=40 aorpo alpha50
33174,516096.0,-749.3597183227539,yc5j624o,env_reset=40 aorpo alpha50
33276,516096.0,-671.0342330932617,yc5j624o,env_reset=40 aorpo alpha50
33355,520192.0,-671.0342330932617,yc5j624o,env_reset=40 aorpo alpha50
33457,520192.0,-674.0095081329346,yc5j624o,env_reset=40 aorpo alpha50
33536,523264.0,-674.0095081329346,yc5j624o,env_reset=40 aorpo alpha50
33638,523264.0,-705.37340259552,yc5j624o,env_reset=40 aorpo alpha50
33717,526336.0,-705.37340259552,yc5j624o,env_reset=40 aorpo alpha50
33819,526336.0,-711.8308277130127,yc5j624o,env_reset=40 aorpo alpha50
33898,530432.0,-711.8308277130127,yc5j624o,env_reset=40 aorpo alpha50
34000,530432.0,-747.4368743896484,yc5j624o,env_reset=40 aorpo alpha50
34079,533504.0,-747.4368743896484,yc5j624o,env_reset=40 aorpo alpha50
34181,533504.0,-765.8687877655029,yc5j624o,env_reset=40 aorpo alpha50
34260,537600.0,-765.8687877655029,yc5j624o,env_reset=40 aorpo alpha50
34362,537600.0,-702.9579544067383,yc5j624o,env_reset=40 aorpo alpha50
34441,540672.0,-702.9579544067383,yc5j624o,env_reset=40 aorpo alpha50
34543,540672.0,-717.249813079834,yc5j624o,env_reset=40 aorpo alpha50
34622,543744.0,-717.249813079834,yc5j624o,env_reset=40 aorpo alpha50
34724,543744.0,-699.4327774047852,yc5j624o,env_reset=40 aorpo alpha50
34803,546816.0,-699.4327774047852,yc5j624o,env_reset=40 aorpo alpha50
34905,546816.0,-583.762638092041,yc5j624o,env_reset=40 aorpo alpha50
34984,549888.0,-583.762638092041,yc5j624o,env_reset=40 aorpo alpha50
35086,549888.0,-619.3548793792725,yc5j624o,env_reset=40 aorpo alpha50
35165,552960.0,-619.3548793792725,yc5j624o,env_reset=40 aorpo alpha50
35267,552960.0,-660.3057556152344,yc5j624o,env_reset=40 aorpo alpha50
35346,556032.0,-660.3057556152344,yc5j624o,env_reset=40 aorpo alpha50
35448,556032.0,-853.3579959869385,yc5j624o,env_reset=40 aorpo alpha50
35527,559104.0,-853.3579959869385,yc5j624o,env_reset=40 aorpo alpha50
35629,559104.0,-633.2683029174805,yc5j624o,env_reset=40 aorpo alpha50
35708,562176.0,-633.2683029174805,yc5j624o,env_reset=40 aorpo alpha50
35810,562176.0,-698.3176364898682,yc5j624o,env_reset=40 aorpo alpha50
35889,565248.0,-698.3176364898682,yc5j624o,env_reset=40 aorpo alpha50
35991,565248.0,-605.8836708068848,yc5j624o,env_reset=40 aorpo alpha50
36070,568320.0,-605.8836708068848,yc5j624o,env_reset=40 aorpo alpha50
36172,568320.0,-662.1223735809326,yc5j624o,env_reset=40 aorpo alpha50
51,5342.0,,ftaey7xg,env_reset=40 uncertainty alpha50 q1e-3 quantile_opp: 0.95
153,5342.0,-1919.9386596679688,ftaey7xg,env_reset=40 uncertainty alpha50 q1e-3 quantile_opp: 0.95
232,9944.0,-1919.9386596679688,ftaey7xg,env_reset=40 uncertainty alpha50 q1e-3 quantile_opp: 0.95
334,9944.0,-1667.0164527893066,ftaey7xg,env_reset=40 uncertainty alpha50 q1e-3 quantile_opp: 0.95
413,13376.0,-1667.0164527893066,ftaey7xg,env_reset=40 uncertainty alpha50 q1e-3 quantile_opp: 0.95
515,13376.0,-1568.2894096374512,ftaey7xg,env_reset=40 uncertainty alpha50 q1e-3 quantile_opp: 0.95
594,14637.0,-1568.2894096374512,ftaey7xg,env_reset=40 uncertainty alpha50 q1e-3 quantile_opp: 0.95
696,14637.0,-1990.0218200683594,ftaey7xg,env_reset=40 uncertainty alpha50 q1e-3 quantile_opp: 0.95
775,16631.0,-1990.0218200683594,ftaey7xg,env_reset=40 uncertainty alpha50 q1e-3 quantile_opp: 0.95
877,16631.0,-2479.7911224365234,ftaey7xg,env_reset=40 uncertainty alpha50 q1e-3 quantile_opp: 0.95
956,23031.0,-2479.7911224365234,ftaey7xg,env_reset=40 uncertainty alpha50 q1e-3 quantile_opp: 0.95
1058,23031.0,-1735.6100616455078,ftaey7xg,env_reset=40 uncertainty alpha50 q1e-3 quantile_opp: 0.95
1137,28926.0,-1735.6100616455078,ftaey7xg,env_reset=40 uncertainty alpha50 q1e-3 quantile_opp: 0.95
1239,28926.0,-2100.3285789489746,ftaey7xg,env_reset=40 uncertainty alpha50 q1e-3 quantile_opp: 0.95
1318,33779.0,-2100.3285789489746,ftaey7xg,env_reset=40 uncertainty alpha50 q1e-3 quantile_opp: 0.95
1420,33779.0,-2001.096736907959,ftaey7xg,env_reset=40 uncertainty alpha50 q1e-3 quantile_opp: 0.95
1499,50560.0,-2001.096736907959,ftaey7xg,env_reset=40 uncertainty alpha50 q1e-3 quantile_opp: 0.95
1601,50560.0,-1654.537742614746,ftaey7xg,env_reset=40 uncertainty alpha50 q1e-3 quantile_opp: 0.95
1680,61578.0,-1654.537742614746,ftaey7xg,env_reset=40 uncertainty alpha50 q1e-3 quantile_opp: 0.95
1782,61578.0,-1752.6025199890137,ftaey7xg,env_reset=40 uncertainty alpha50 q1e-3 quantile_opp: 0.95
1861,80935.0,-1752.6025199890137,ftaey7xg,env_reset=40 uncertainty alpha50 q1e-3 quantile_opp: 0.95
1963,80935.0,-1353.1888961791992,ftaey7xg,env_reset=40 uncertainty alpha50 q1e-3 quantile_opp: 0.95
2042,85741.0,-1353.1888961791992,ftaey7xg,env_reset=40 uncertainty alpha50 q1e-3 quantile_opp: 0.95
2144,85741.0,-1751.2172813415527,ftaey7xg,env_reset=40 uncertainty alpha50 q1e-3 quantile_opp: 0.95
2223,106335.0,-1751.2172813415527,ftaey7xg,env_reset=40 uncertainty alpha50 q1e-3 quantile_opp: 0.95
2325,106335.0,-1920.6418495178223,ftaey7xg,env_reset=40 uncertainty alpha50 q1e-3 quantile_opp: 0.95
2404,133796.0,-1920.6418495178223,ftaey7xg,env_reset=40 uncertainty alpha50 q1e-3 quantile_opp: 0.95
2506,133796.0,-1728.6762161254883,ftaey7xg,env_reset=40 uncertainty alpha50 q1e-3 quantile_opp: 0.95
2585,154586.0,-1728.6762161254883,ftaey7xg,env_reset=40 uncertainty alpha50 q1e-3 quantile_opp: 0.95
2687,154586.0,-1535.3520011901855,ftaey7xg,env_reset=40 uncertainty alpha50 q1e-3 quantile_opp: 0.95
2766,169786.0,-1535.3520011901855,ftaey7xg,env_reset=40 uncertainty alpha50 q1e-3 quantile_opp: 0.95
2868,169786.0,-1703.421085357666,ftaey7xg,env_reset=40 uncertainty alpha50 q1e-3 quantile_opp: 0.95
2947,179760.0,-1703.421085357666,ftaey7xg,env_reset=40 uncertainty alpha50 q1e-3 quantile_opp: 0.95
3049,179760.0,-1394.7519340515137,ftaey7xg,env_reset=40 uncertainty alpha50 q1e-3 quantile_opp: 0.95
3128,194124.0,-1394.7519340515137,ftaey7xg,env_reset=40 uncertainty alpha50 q1e-3 quantile_opp: 0.95
3230,194124.0,-1534.055507659912,ftaey7xg,env_reset=40 uncertainty alpha50 q1e-3 quantile_opp: 0.95
3309,207965.0,-1534.055507659912,ftaey7xg,env_reset=40 uncertainty alpha50 q1e-3 quantile_opp: 0.95
3411,207965.0,-1472.750919342041,ftaey7xg,env_reset=40 uncertainty alpha50 q1e-3 quantile_opp: 0.95
3490,211051.0,-1472.750919342041,ftaey7xg,env_reset=40 uncertainty alpha50 q1e-3 quantile_opp: 0.95
3592,211051.0,-1531.595615386963,ftaey7xg,env_reset=40 uncertainty alpha50 q1e-3 quantile_opp: 0.95
3671,218728.0,-1531.595615386963,ftaey7xg,env_reset=40 uncertainty alpha50 q1e-3 quantile_opp: 0.95
3773,218728.0,-1368.7863578796387,ftaey7xg,env_reset=40 uncertainty alpha50 q1e-3 quantile_opp: 0.95
3852,223436.0,-1368.7863578796387,ftaey7xg,env_reset=40 uncertainty alpha50 q1e-3 quantile_opp: 0.95
3954,223436.0,-1349.734489440918,ftaey7xg,env_reset=40 uncertainty alpha50 q1e-3 quantile_opp: 0.95
4033,226415.0,-1349.734489440918,ftaey7xg,env_reset=40 uncertainty alpha50 q1e-3 quantile_opp: 0.95
4135,226415.0,-1337.1024932861328,ftaey7xg,env_reset=40 uncertainty alpha50 q1e-3 quantile_opp: 0.95
4214,227844.0,-1337.1024932861328,ftaey7xg,env_reset=40 uncertainty alpha50 q1e-3 quantile_opp: 0.95
4316,227844.0,-1289.0861587524414,ftaey7xg,env_reset=40 uncertainty alpha50 q1e-3 quantile_opp: 0.95
4395,238743.0,-1289.0861587524414,ftaey7xg,env_reset=40 uncertainty alpha50 q1e-3 quantile_opp: 0.95
4497,238743.0,-1391.073600769043,ftaey7xg,env_reset=40 uncertainty alpha50 q1e-3 quantile_opp: 0.95
4576,245808.0,-1391.073600769043,ftaey7xg,env_reset=40 uncertainty alpha50 q1e-3 quantile_opp: 0.95
4678,245808.0,-1308.7532577514648,ftaey7xg,env_reset=40 uncertainty alpha50 q1e-3 quantile_opp: 0.95
4757,260548.0,-1308.7532577514648,ftaey7xg,env_reset=40 uncertainty alpha50 q1e-3 quantile_opp: 0.95
4859,260548.0,-1278.091724395752,ftaey7xg,env_reset=40 uncertainty alpha50 q1e-3 quantile_opp: 0.95
4938,267427.0,-1278.091724395752,ftaey7xg,env_reset=40 uncertainty alpha50 q1e-3 quantile_opp: 0.95
5040,267427.0,-1352.6800842285156,ftaey7xg,env_reset=40 uncertainty alpha50 q1e-3 quantile_opp: 0.95
5119,294454.0,-1352.6800842285156,ftaey7xg,env_reset=40 uncertainty alpha50 q1e-3 quantile_opp: 0.95
5221,294454.0,-1197.4285125732422,ftaey7xg,env_reset=40 uncertainty alpha50 q1e-3 quantile_opp: 0.95
5300,305837.0,-1197.4285125732422,ftaey7xg,env_reset=40 uncertainty alpha50 q1e-3 quantile_opp: 0.95
5402,305837.0,-1236.296127319336,ftaey7xg,env_reset=40 uncertainty alpha50 q1e-3 quantile_opp: 0.95
5481,315065.0,-1236.296127319336,ftaey7xg,env_reset=40 uncertainty alpha50 q1e-3 quantile_opp: 0.95
5583,315065.0,-1226.9255256652832,ftaey7xg,env_reset=40 uncertainty alpha50 q1e-3 quantile_opp: 0.95
5662,317453.0,-1226.9255256652832,ftaey7xg,env_reset=40 uncertainty alpha50 q1e-3 quantile_opp: 0.95
5764,317453.0,-1231.1523475646973,ftaey7xg,env_reset=40 uncertainty alpha50 q1e-3 quantile_opp: 0.95
5843,336122.0,-1231.1523475646973,ftaey7xg,env_reset=40 uncertainty alpha50 q1e-3 quantile_opp: 0.95
5945,336122.0,-1185.0168838500977,ftaey7xg,env_reset=40 uncertainty alpha50 q1e-3 quantile_opp: 0.95
6024,345987.0,-1185.0168838500977,ftaey7xg,env_reset=40 uncertainty alpha50 q1e-3 quantile_opp: 0.95
6126,345987.0,-1257.2644081115723,ftaey7xg,env_reset=40 uncertainty alpha50 q1e-3 quantile_opp: 0.95
6205,350029.0,-1257.2644081115723,ftaey7xg,env_reset=40 uncertainty alpha50 q1e-3 quantile_opp: 0.95
6307,350029.0,-1154.0282974243164,ftaey7xg,env_reset=40 uncertainty alpha50 q1e-3 quantile_opp: 0.95
6386,352668.0,-1154.0282974243164,ftaey7xg,env_reset=40 uncertainty alpha50 q1e-3 quantile_opp: 0.95
6488,352668.0,-1176.1730308532715,ftaey7xg,env_reset=40 uncertainty alpha50 q1e-3 quantile_opp: 0.95
6567,356428.0,-1176.1730308532715,ftaey7xg,env_reset=40 uncertainty alpha50 q1e-3 quantile_opp: 0.95
6669,356428.0,-955.4064960479736,ftaey7xg,env_reset=40 uncertainty alpha50 q1e-3 quantile_opp: 0.95
6748,359427.0,-955.4064960479736,ftaey7xg,env_reset=40 uncertainty alpha50 q1e-3 quantile_opp: 0.95
6850,359427.0,-1029.7406616210938,ftaey7xg,env_reset=40 uncertainty alpha50 q1e-3 quantile_opp: 0.95
6929,361693.0,-1029.7406616210938,ftaey7xg,env_reset=40 uncertainty alpha50 q1e-3 quantile_opp: 0.95
7031,361693.0,-843.6138725280762,ftaey7xg,env_reset=40 uncertainty alpha50 q1e-3 quantile_opp: 0.95
7110,364149.0,-843.6138725280762,ftaey7xg,env_reset=40 uncertainty alpha50 q1e-3 quantile_opp: 0.95
7212,364149.0,-965.5324001312256,ftaey7xg,env_reset=40 uncertainty alpha50 q1e-3 quantile_opp: 0.95
7291,366319.0,-965.5324001312256,ftaey7xg,env_reset=40 uncertainty alpha50 q1e-3 quantile_opp: 0.95
7393,366319.0,-922.2202663421631,ftaey7xg,env_reset=40 uncertainty alpha50 q1e-3 quantile_opp: 0.95
7472,369511.0,-922.2202663421631,ftaey7xg,env_reset=40 uncertainty alpha50 q1e-3 quantile_opp: 0.95
7574,369511.0,-952.2914905548096,ftaey7xg,env_reset=40 uncertainty alpha50 q1e-3 quantile_opp: 0.95
7653,371786.0,-952.2914905548096,ftaey7xg,env_reset=40 uncertainty alpha50 q1e-3 quantile_opp: 0.95
7755,371786.0,-900.7057075500488,ftaey7xg,env_reset=40 uncertainty alpha50 q1e-3 quantile_opp: 0.95
7834,378801.0,-900.7057075500488,ftaey7xg,env_reset=40 uncertainty alpha50 q1e-3 quantile_opp: 0.95
7936,378801.0,-857.6934814453125,ftaey7xg,env_reset=40 uncertainty alpha50 q1e-3 quantile_opp: 0.95
8015,383266.0,-857.6934814453125,ftaey7xg,env_reset=40 uncertainty alpha50 q1e-3 quantile_opp: 0.95
8117,383266.0,-920.768461227417,ftaey7xg,env_reset=40 uncertainty alpha50 q1e-3 quantile_opp: 0.95
8196,386987.0,-920.768461227417,ftaey7xg,env_reset=40 uncertainty alpha50 q1e-3 quantile_opp: 0.95
8298,386987.0,-896.1703643798828,ftaey7xg,env_reset=40 uncertainty alpha50 q1e-3 quantile_opp: 0.95
8377,391729.0,-896.1703643798828,ftaey7xg,env_reset=40 uncertainty alpha50 q1e-3 quantile_opp: 0.95
8479,391729.0,-1109.927001953125,ftaey7xg,env_reset=40 uncertainty alpha50 q1e-3 quantile_opp: 0.95
8558,393068.0,-1109.927001953125,ftaey7xg,env_reset=40 uncertainty alpha50 q1e-3 quantile_opp: 0.95
8660,393068.0,-1055.2282028198242,ftaey7xg,env_reset=40 uncertainty alpha50 q1e-3 quantile_opp: 0.95
8739,398606.0,-1055.2282028198242,ftaey7xg,env_reset=40 uncertainty alpha50 q1e-3 quantile_opp: 0.95
8841,398606.0,-1000.6612091064453,ftaey7xg,env_reset=40 uncertainty alpha50 q1e-3 quantile_opp: 0.95
8920,409971.0,-1000.6612091064453,ftaey7xg,env_reset=40 uncertainty alpha50 q1e-3 quantile_opp: 0.95
9022,409971.0,-889.1880702972412,ftaey7xg,env_reset=40 uncertainty alpha50 q1e-3 quantile_opp: 0.95
9101,413343.0,-889.1880702972412,ftaey7xg,env_reset=40 uncertainty alpha50 q1e-3 quantile_opp: 0.95
9203,413343.0,-961.5066528320312,ftaey7xg,env_reset=40 uncertainty alpha50 q1e-3 quantile_opp: 0.95
9282,415108.0,-961.5066528320312,ftaey7xg,env_reset=40 uncertainty alpha50 q1e-3 quantile_opp: 0.95
9384,415108.0,-946.6051025390625,ftaey7xg,env_reset=40 uncertainty alpha50 q1e-3 quantile_opp: 0.95
9463,416388.0,-946.6051025390625,ftaey7xg,env_reset=40 uncertainty alpha50 q1e-3 quantile_opp: 0.95
9565,416388.0,-930.0316047668457,ftaey7xg,env_reset=40 uncertainty alpha50 q1e-3 quantile_opp: 0.95
9644,418148.0,-930.0316047668457,ftaey7xg,env_reset=40 uncertainty alpha50 q1e-3 quantile_opp: 0.95
9746,418148.0,-882.1544456481934,ftaey7xg,env_reset=40 uncertainty alpha50 q1e-3 quantile_opp: 0.95
9825,421213.0,-882.1544456481934,ftaey7xg,env_reset=40 uncertainty alpha50 q1e-3 quantile_opp: 0.95
9927,421213.0,-887.9390029907227,ftaey7xg,env_reset=40 uncertainty alpha50 q1e-3 quantile_opp: 0.95
10006,435567.0,-887.9390029907227,ftaey7xg,env_reset=40 uncertainty alpha50 q1e-3 quantile_opp: 0.95
10108,435567.0,-816.788477897644,ftaey7xg,env_reset=40 uncertainty alpha50 q1e-3 quantile_opp: 0.95
10187,439590.0,-816.788477897644,ftaey7xg,env_reset=40 uncertainty alpha50 q1e-3 quantile_opp: 0.95
10289,439590.0,-787.1185140609741,ftaey7xg,env_reset=40 uncertainty alpha50 q1e-3 quantile_opp: 0.95
10368,444325.0,-787.1185140609741,ftaey7xg,env_reset=40 uncertainty alpha50 q1e-3 quantile_opp: 0.95
10470,444325.0,-757.062520980835,ftaey7xg,env_reset=40 uncertainty alpha50 q1e-3 quantile_opp: 0.95
10549,449006.0,-757.062520980835,ftaey7xg,env_reset=40 uncertainty alpha50 q1e-3 quantile_opp: 0.95
10651,449006.0,-828.0888061523438,ftaey7xg,env_reset=40 uncertainty alpha50 q1e-3 quantile_opp: 0.95
10730,452149.0,-828.0888061523438,ftaey7xg,env_reset=40 uncertainty alpha50 q1e-3 quantile_opp: 0.95
10832,452149.0,-729.11607837677,ftaey7xg,env_reset=40 uncertainty alpha50 q1e-3 quantile_opp: 0.95
10911,455063.0,-729.11607837677,ftaey7xg,env_reset=40 uncertainty alpha50 q1e-3 quantile_opp: 0.95
11013,455063.0,-849.7159461975098,ftaey7xg,env_reset=40 uncertainty alpha50 q1e-3 quantile_opp: 0.95
11092,458781.0,-849.7159461975098,ftaey7xg,env_reset=40 uncertainty alpha50 q1e-3 quantile_opp: 0.95
11194,458781.0,-857.8959541320801,ftaey7xg,env_reset=40 uncertainty alpha50 q1e-3 quantile_opp: 0.95
11273,468483.0,-857.8959541320801,ftaey7xg,env_reset=40 uncertainty alpha50 q1e-3 quantile_opp: 0.95
11375,468483.0,-869.4972610473633,ftaey7xg,env_reset=40 uncertainty alpha50 q1e-3 quantile_opp: 0.95
11454,470938.0,-869.4972610473633,ftaey7xg,env_reset=40 uncertainty alpha50 q1e-3 quantile_opp: 0.95
11556,470938.0,-859.1903018951416,ftaey7xg,env_reset=40 uncertainty alpha50 q1e-3 quantile_opp: 0.95
11635,477751.0,-859.1903018951416,ftaey7xg,env_reset=40 uncertainty alpha50 q1e-3 quantile_opp: 0.95
11737,477751.0,-855.4694938659668,ftaey7xg,env_reset=40 uncertainty alpha50 q1e-3 quantile_opp: 0.95
11816,486371.0,-855.4694938659668,ftaey7xg,env_reset=40 uncertainty alpha50 q1e-3 quantile_opp: 0.95
11918,486371.0,-913.0919284820557,ftaey7xg,env_reset=40 uncertainty alpha50 q1e-3 quantile_opp: 0.95
11997,493332.0,-913.0919284820557,ftaey7xg,env_reset=40 uncertainty alpha50 q1e-3 quantile_opp: 0.95
12099,493332.0,-897.2496795654297,ftaey7xg,env_reset=40 uncertainty alpha50 q1e-3 quantile_opp: 0.95
12178,497385.0,-897.2496795654297,ftaey7xg,env_reset=40 uncertainty alpha50 q1e-3 quantile_opp: 0.95
12280,497385.0,-842.3533000946045,ftaey7xg,env_reset=40 uncertainty alpha50 q1e-3 quantile_opp: 0.95
12359,500722.0,-842.3533000946045,ftaey7xg,env_reset=40 uncertainty alpha50 q1e-3 quantile_opp: 0.95
12461,500722.0,-815.5529708862305,ftaey7xg,env_reset=40 uncertainty alpha50 q1e-3 quantile_opp: 0.95
12540,512853.0,-815.5529708862305,ftaey7xg,env_reset=40 uncertainty alpha50 q1e-3 quantile_opp: 0.95
12642,512853.0,-823.7517623901367,ftaey7xg,env_reset=40 uncertainty alpha50 q1e-3 quantile_opp: 0.95
12721,516737.0,-823.7517623901367,ftaey7xg,env_reset=40 uncertainty alpha50 q1e-3 quantile_opp: 0.95
12823,516737.0,-826.584623336792,ftaey7xg,env_reset=40 uncertainty alpha50 q1e-3 quantile_opp: 0.95
12902,519444.0,-826.584623336792,ftaey7xg,env_reset=40 uncertainty alpha50 q1e-3 quantile_opp: 0.95
13004,519444.0,-866.8992328643799,ftaey7xg,env_reset=40 uncertainty alpha50 q1e-3 quantile_opp: 0.95
13083,528187.0,-866.8992328643799,ftaey7xg,env_reset=40 uncertainty alpha50 q1e-3 quantile_opp: 0.95
13185,528187.0,-892.501443862915,ftaey7xg,env_reset=40 uncertainty alpha50 q1e-3 quantile_opp: 0.95
13264,531242.0,-892.501443862915,ftaey7xg,env_reset=40 uncertainty alpha50 q1e-3 quantile_opp: 0.95
13366,531242.0,-953.3558082580566,ftaey7xg,env_reset=40 uncertainty alpha50 q1e-3 quantile_opp: 0.95
13445,533619.0,-953.3558082580566,ftaey7xg,env_reset=40 uncertainty alpha50 q1e-3 quantile_opp: 0.95
13547,533619.0,-835.4315280914307,ftaey7xg,env_reset=40 uncertainty alpha50 q1e-3 quantile_opp: 0.95
13626,542070.0,-835.4315280914307,ftaey7xg,env_reset=40 uncertainty alpha50 q1e-3 quantile_opp: 0.95
13728,542070.0,-885.2648448944092,ftaey7xg,env_reset=40 uncertainty alpha50 q1e-3 quantile_opp: 0.95
13807,548173.0,-885.2648448944092,ftaey7xg,env_reset=40 uncertainty alpha50 q1e-3 quantile_opp: 0.95
13909,548173.0,-884.1554927825928,ftaey7xg,env_reset=40 uncertainty alpha50 q1e-3 quantile_opp: 0.95
13988,550935.0,-884.1554927825928,ftaey7xg,env_reset=40 uncertainty alpha50 q1e-3 quantile_opp: 0.95
14090,550935.0,-780.5863838195801,ftaey7xg,env_reset=40 uncertainty alpha50 q1e-3 quantile_opp: 0.95
14169,554722.0,-780.5863838195801,ftaey7xg,env_reset=40 uncertainty alpha50 q1e-3 quantile_opp: 0.95
14271,554722.0,-698.564736366272,ftaey7xg,env_reset=40 uncertainty alpha50 q1e-3 quantile_opp: 0.95
14350,559785.0,-698.564736366272,ftaey7xg,env_reset=40 uncertainty alpha50 q1e-3 quantile_opp: 0.95
14452,559785.0,-891.859167098999,ftaey7xg,env_reset=40 uncertainty alpha50 q1e-3 quantile_opp: 0.95
14531,565197.0,-891.859167098999,ftaey7xg,env_reset=40 uncertainty alpha50 q1e-3 quantile_opp: 0.95
14633,565197.0,-763.6151695251465,ftaey7xg,env_reset=40 uncertainty alpha50 q1e-3 quantile_opp: 0.95
14712,569066.0,-763.6151695251465,ftaey7xg,env_reset=40 uncertainty alpha50 q1e-3 quantile_opp: 0.95
14814,569066.0,-832.6786460876465,ftaey7xg,env_reset=40 uncertainty alpha50 q1e-3 quantile_opp: 0.95
14893,571359.0,-832.6786460876465,ftaey7xg,env_reset=40 uncertainty alpha50 q1e-3 quantile_opp: 0.95
14995,571359.0,-866.2276401519775,ftaey7xg,env_reset=40 uncertainty alpha50 q1e-3 quantile_opp: 0.95
15074,573487.0,-866.2276401519775,ftaey7xg,env_reset=40 uncertainty alpha50 q1e-3 quantile_opp: 0.95
15176,573487.0,-903.0691432952881,ftaey7xg,env_reset=40 uncertainty alpha50 q1e-3 quantile_opp: 0.95
15255,575978.0,-903.0691432952881,ftaey7xg,env_reset=40 uncertainty alpha50 q1e-3 quantile_opp: 0.95
15357,575978.0,-763.6862297058105,ftaey7xg,env_reset=40 uncertainty alpha50 q1e-3 quantile_opp: 0.95
15436,580663.0,-763.6862297058105,ftaey7xg,env_reset=40 uncertainty alpha50 q1e-3 quantile_opp: 0.95
15538,580663.0,-750.1800708770752,ftaey7xg,env_reset=40 uncertainty alpha50 q1e-3 quantile_opp: 0.95
15617,586242.0,-750.1800708770752,ftaey7xg,env_reset=40 uncertainty alpha50 q1e-3 quantile_opp: 0.95
15719,586242.0,-835.1165523529053,ftaey7xg,env_reset=40 uncertainty alpha50 q1e-3 quantile_opp: 0.95
15798,588929.0,-835.1165523529053,ftaey7xg,env_reset=40 uncertainty alpha50 q1e-3 quantile_opp: 0.95
15900,588929.0,-732.2537975311279,ftaey7xg,env_reset=40 uncertainty alpha50 q1e-3 quantile_opp: 0.95
15979,593631.0,-732.2537975311279,ftaey7xg,env_reset=40 uncertainty alpha50 q1e-3 quantile_opp: 0.95
16081,593631.0,-723.2586193084717,ftaey7xg,env_reset=40 uncertainty alpha50 q1e-3 quantile_opp: 0.95
16160,594578.0,-723.2586193084717,ftaey7xg,env_reset=40 uncertainty alpha50 q1e-3 quantile_opp: 0.95
16262,594578.0,-832.1386127471924,ftaey7xg,env_reset=40 uncertainty alpha50 q1e-3 quantile_opp: 0.95
16341,596766.0,-832.1386127471924,ftaey7xg,env_reset=40 uncertainty alpha50 q1e-3 quantile_opp: 0.95
16443,596766.0,-727.8737058639526,ftaey7xg,env_reset=40 uncertainty alpha50 q1e-3 quantile_opp: 0.95
16522,598267.0,-727.8737058639526,ftaey7xg,env_reset=40 uncertainty alpha50 q1e-3 quantile_opp: 0.95
16624,598267.0,-790.370569229126,ftaey7xg,env_reset=40 uncertainty alpha50 q1e-3 quantile_opp: 0.95
16703,600264.0,-790.370569229126,ftaey7xg,env_reset=40 uncertainty alpha50 q1e-3 quantile_opp: 0.95
16805,600264.0,-847.0918006896973,ftaey7xg,env_reset=40 uncertainty alpha50 q1e-3 quantile_opp: 0.95
16884,602337.0,-847.0918006896973,ftaey7xg,env_reset=40 uncertainty alpha50 q1e-3 quantile_opp: 0.95
16986,602337.0,-756.9091892242432,ftaey7xg,env_reset=40 uncertainty alpha50 q1e-3 quantile_opp: 0.95
17065,604261.0,-756.9091892242432,ftaey7xg,env_reset=40 uncertainty alpha50 q1e-3 quantile_opp: 0.95
17167,604261.0,-901.4879722595215,ftaey7xg,env_reset=40 uncertainty alpha50 q1e-3 quantile_opp: 0.95
17246,606535.0,-901.4879722595215,ftaey7xg,env_reset=40 uncertainty alpha50 q1e-3 quantile_opp: 0.95
17348,606535.0,-1011.1536903381348,ftaey7xg,env_reset=40 uncertainty alpha50 q1e-3 quantile_opp: 0.95
17427,609043.0,-1011.1536903381348,ftaey7xg,env_reset=40 uncertainty alpha50 q1e-3 quantile_opp: 0.95
17529,609043.0,-912.5420169830322,ftaey7xg,env_reset=40 uncertainty alpha50 q1e-3 quantile_opp: 0.95
17608,613475.0,-912.5420169830322,ftaey7xg,env_reset=40 uncertainty alpha50 q1e-3 quantile_opp: 0.95
17710,613475.0,-847.6244258880615,ftaey7xg,env_reset=40 uncertainty alpha50 q1e-3 quantile_opp: 0.95
17789,615864.0,-847.6244258880615,ftaey7xg,env_reset=40 uncertainty alpha50 q1e-3 quantile_opp: 0.95
17891,615864.0,-863.83620262146,ftaey7xg,env_reset=40 uncertainty alpha50 q1e-3 quantile_opp: 0.95
17970,618493.0,-863.83620262146,ftaey7xg,env_reset=40 uncertainty alpha50 q1e-3 quantile_opp: 0.95
18072,618493.0,-963.3659973144531,ftaey7xg,env_reset=40 uncertainty alpha50 q1e-3 quantile_opp: 0.95
18151,621472.0,-963.3659973144531,ftaey7xg,env_reset=40 uncertainty alpha50 q1e-3 quantile_opp: 0.95
18253,621472.0,-1040.9619598388672,ftaey7xg,env_reset=40 uncertainty alpha50 q1e-3 quantile_opp: 0.95
18332,627606.0,-1040.9619598388672,ftaey7xg,env_reset=40 uncertainty alpha50 q1e-3 quantile_opp: 0.95
18434,627606.0,-887.2844791412354,ftaey7xg,env_reset=40 uncertainty alpha50 q1e-3 quantile_opp: 0.95
18513,629475.0,-887.2844791412354,ftaey7xg,env_reset=40 uncertainty alpha50 q1e-3 quantile_opp: 0.95
18615,629475.0,-902.3172340393066,ftaey7xg,env_reset=40 uncertainty alpha50 q1e-3 quantile_opp: 0.95
18694,632259.0,-902.3172340393066,ftaey7xg,env_reset=40 uncertainty alpha50 q1e-3 quantile_opp: 0.95
18796,632259.0,-968.7559871673584,ftaey7xg,env_reset=40 uncertainty alpha50 q1e-3 quantile_opp: 0.95
18875,634585.0,-968.7559871673584,ftaey7xg,env_reset=40 uncertainty alpha50 q1e-3 quantile_opp: 0.95
18977,634585.0,-858.9241600036621,ftaey7xg,env_reset=40 uncertainty alpha50 q1e-3 quantile_opp: 0.95
19056,637465.0,-858.9241600036621,ftaey7xg,env_reset=40 uncertainty alpha50 q1e-3 quantile_opp: 0.95
19158,637465.0,-980.2217044830322,ftaey7xg,env_reset=40 uncertainty alpha50 q1e-3 quantile_opp: 0.95
19237,640402.0,-980.2217044830322,ftaey7xg,env_reset=40 uncertainty alpha50 q1e-3 quantile_opp: 0.95
19339,640402.0,-929.1949844360352,ftaey7xg,env_reset=40 uncertainty alpha50 q1e-3 quantile_opp: 0.95
19418,641377.0,-929.1949844360352,ftaey7xg,env_reset=40 uncertainty alpha50 q1e-3 quantile_opp: 0.95
19520,641377.0,-897.1181812286377,ftaey7xg,env_reset=40 uncertainty alpha50 q1e-3 quantile_opp: 0.95
19599,642638.0,-897.1181812286377,ftaey7xg,env_reset=40 uncertainty alpha50 q1e-3 quantile_opp: 0.95
19701,642638.0,-902.594446182251,ftaey7xg,env_reset=40 uncertainty alpha50 q1e-3 quantile_opp: 0.95
19780,646347.0,-902.594446182251,ftaey7xg,env_reset=40 uncertainty alpha50 q1e-3 quantile_opp: 0.95
19882,646347.0,-887.1125164031982,ftaey7xg,env_reset=40 uncertainty alpha50 q1e-3 quantile_opp: 0.95
19961,648959.0,-887.1125164031982,ftaey7xg,env_reset=40 uncertainty alpha50 q1e-3 quantile_opp: 0.95
20063,648959.0,-917.7418422698975,ftaey7xg,env_reset=40 uncertainty alpha50 q1e-3 quantile_opp: 0.95
20142,650987.0,-917.7418422698975,ftaey7xg,env_reset=40 uncertainty alpha50 q1e-3 quantile_opp: 0.95
20244,650987.0,-972.3253002166748,ftaey7xg,env_reset=40 uncertainty alpha50 q1e-3 quantile_opp: 0.95
20323,654179.0,-972.3253002166748,ftaey7xg,env_reset=40 uncertainty alpha50 q1e-3 quantile_opp: 0.95
20425,654179.0,-931.6043071746826,ftaey7xg,env_reset=40 uncertainty alpha50 q1e-3 quantile_opp: 0.95
20504,656283.0,-931.6043071746826,ftaey7xg,env_reset=40 uncertainty alpha50 q1e-3 quantile_opp: 0.95
20606,656283.0,-826.0703201293945,ftaey7xg,env_reset=40 uncertainty alpha50 q1e-3 quantile_opp: 0.95
20685,657419.0,-826.0703201293945,ftaey7xg,env_reset=40 uncertainty alpha50 q1e-3 quantile_opp: 0.95
20787,657419.0,-963.6321983337402,ftaey7xg,env_reset=40 uncertainty alpha50 q1e-3 quantile_opp: 0.95
20866,658781.0,-963.6321983337402,ftaey7xg,env_reset=40 uncertainty alpha50 q1e-3 quantile_opp: 0.95
20968,658781.0,-956.0277481079102,ftaey7xg,env_reset=40 uncertainty alpha50 q1e-3 quantile_opp: 0.95
21047,660889.0,-956.0277481079102,ftaey7xg,env_reset=40 uncertainty alpha50 q1e-3 quantile_opp: 0.95
21149,660889.0,-881.66796875,ftaey7xg,env_reset=40 uncertainty alpha50 q1e-3 quantile_opp: 0.95
21228,662467.0,-881.66796875,ftaey7xg,env_reset=40 uncertainty alpha50 q1e-3 quantile_opp: 0.95
21330,662467.0,-769.090503692627,ftaey7xg,env_reset=40 uncertainty alpha50 q1e-3 quantile_opp: 0.95
21409,663728.0,-769.090503692627,ftaey7xg,env_reset=40 uncertainty alpha50 q1e-3 quantile_opp: 0.95
21511,663728.0,-831.7817783355713,ftaey7xg,env_reset=40 uncertainty alpha50 q1e-3 quantile_opp: 0.95
21590,665091.0,-831.7817783355713,ftaey7xg,env_reset=40 uncertainty alpha50 q1e-3 quantile_opp: 0.95
21692,665091.0,-933.9442329406738,ftaey7xg,env_reset=40 uncertainty alpha50 q1e-3 quantile_opp: 0.95
21771,671956.0,-933.9442329406738,ftaey7xg,env_reset=40 uncertainty alpha50 q1e-3 quantile_opp: 0.95
21873,671956.0,-738.0151500701904,ftaey7xg,env_reset=40 uncertainty alpha50 q1e-3 quantile_opp: 0.95
21952,675338.0,-738.0151500701904,ftaey7xg,env_reset=40 uncertainty alpha50 q1e-3 quantile_opp: 0.95
22054,675338.0,-715.2853021621704,ftaey7xg,env_reset=40 uncertainty alpha50 q1e-3 quantile_opp: 0.95
22133,678266.0,-715.2853021621704,ftaey7xg,env_reset=40 uncertainty alpha50 q1e-3 quantile_opp: 0.95
22235,678266.0,-934.3244304656982,ftaey7xg,env_reset=40 uncertainty alpha50 q1e-3 quantile_opp: 0.95
22314,679521.0,-934.3244304656982,ftaey7xg,env_reset=40 uncertainty alpha50 q1e-3 quantile_opp: 0.95
22416,679521.0,-786.3922309875488,ftaey7xg,env_reset=40 uncertainty alpha50 q1e-3 quantile_opp: 0.95
22495,682239.0,-786.3922309875488,ftaey7xg,env_reset=40 uncertainty alpha50 q1e-3 quantile_opp: 0.95
22597,682239.0,-720.8559989929199,ftaey7xg,env_reset=40 uncertainty alpha50 q1e-3 quantile_opp: 0.95
22676,686718.0,-720.8559989929199,ftaey7xg,env_reset=40 uncertainty alpha50 q1e-3 quantile_opp: 0.95
22778,686718.0,-746.9886093139648,ftaey7xg,env_reset=40 uncertainty alpha50 q1e-3 quantile_opp: 0.95
22857,688395.0,-746.9886093139648,ftaey7xg,env_reset=40 uncertainty alpha50 q1e-3 quantile_opp: 0.95
22959,688395.0,-704.9263076782227,ftaey7xg,env_reset=40 uncertainty alpha50 q1e-3 quantile_opp: 0.95
23038,691255.0,-704.9263076782227,ftaey7xg,env_reset=40 uncertainty alpha50 q1e-3 quantile_opp: 0.95
23140,691255.0,-782.1877460479736,ftaey7xg,env_reset=40 uncertainty alpha50 q1e-3 quantile_opp: 0.95
23219,692987.0,-782.1877460479736,ftaey7xg,env_reset=40 uncertainty alpha50 q1e-3 quantile_opp: 0.95
23321,692987.0,-749.0765628814697,ftaey7xg,env_reset=40 uncertainty alpha50 q1e-3 quantile_opp: 0.95
23400,696155.0,-749.0765628814697,ftaey7xg,env_reset=40 uncertainty alpha50 q1e-3 quantile_opp: 0.95
23502,696155.0,-676.7981414794922,ftaey7xg,env_reset=40 uncertainty alpha50 q1e-3 quantile_opp: 0.95
23581,701136.0,-676.7981414794922,ftaey7xg,env_reset=40 uncertainty alpha50 q1e-3 quantile_opp: 0.95
23683,701136.0,-822.399091720581,ftaey7xg,env_reset=40 uncertainty alpha50 q1e-3 quantile_opp: 0.95
23762,703003.0,-822.399091720581,ftaey7xg,env_reset=40 uncertainty alpha50 q1e-3 quantile_opp: 0.95
23864,703003.0,-819.878942489624,ftaey7xg,env_reset=40 uncertainty alpha50 q1e-3 quantile_opp: 0.95
23943,705348.0,-819.878942489624,ftaey7xg,env_reset=40 uncertainty alpha50 q1e-3 quantile_opp: 0.95
24045,705348.0,-756.1693620681763,ftaey7xg,env_reset=40 uncertainty alpha50 q1e-3 quantile_opp: 0.95
24124,710507.0,-756.1693620681763,ftaey7xg,env_reset=40 uncertainty alpha50 q1e-3 quantile_opp: 0.95
24226,710507.0,-927.3707618713379,ftaey7xg,env_reset=40 uncertainty alpha50 q1e-3 quantile_opp: 0.95
24305,714000.0,-927.3707618713379,ftaey7xg,env_reset=40 uncertainty alpha50 q1e-3 quantile_opp: 0.95
24407,714000.0,-812.8601875305176,ftaey7xg,env_reset=40 uncertainty alpha50 q1e-3 quantile_opp: 0.95
24486,717130.0,-812.8601875305176,ftaey7xg,env_reset=40 uncertainty alpha50 q1e-3 quantile_opp: 0.95
24588,717130.0,-763.9312591552734,ftaey7xg,env_reset=40 uncertainty alpha50 q1e-3 quantile_opp: 0.95
24667,721684.0,-763.9312591552734,ftaey7xg,env_reset=40 uncertainty alpha50 q1e-3 quantile_opp: 0.95
24769,721684.0,-772.3362693786621,ftaey7xg,env_reset=40 uncertainty alpha50 q1e-3 quantile_opp: 0.95
24848,724675.0,-772.3362693786621,ftaey7xg,env_reset=40 uncertainty alpha50 q1e-3 quantile_opp: 0.95
24950,724675.0,-800.8420314788818,ftaey7xg,env_reset=40 uncertainty alpha50 q1e-3 quantile_opp: 0.95
25029,729292.0,-800.8420314788818,ftaey7xg,env_reset=40 uncertainty alpha50 q1e-3 quantile_opp: 0.95
25131,729292.0,-964.1827049255371,ftaey7xg,env_reset=40 uncertainty alpha50 q1e-3 quantile_opp: 0.95
25210,732001.0,-964.1827049255371,ftaey7xg,env_reset=40 uncertainty alpha50 q1e-3 quantile_opp: 0.95
25312,732001.0,-917.8798522949219,ftaey7xg,env_reset=40 uncertainty alpha50 q1e-3 quantile_opp: 0.95
25391,735840.0,-917.8798522949219,ftaey7xg,env_reset=40 uncertainty alpha50 q1e-3 quantile_opp: 0.95
25493,735840.0,-1039.413776397705,ftaey7xg,env_reset=40 uncertainty alpha50 q1e-3 quantile_opp: 0.95
25572,742888.0,-1039.413776397705,ftaey7xg,env_reset=40 uncertainty alpha50 q1e-3 quantile_opp: 0.95
25674,742888.0,-845.6671714782715,ftaey7xg,env_reset=40 uncertainty alpha50 q1e-3 quantile_opp: 0.95
25753,747705.0,-845.6671714782715,ftaey7xg,env_reset=40 uncertainty alpha50 q1e-3 quantile_opp: 0.95
25855,747705.0,-1101.421136856079,ftaey7xg,env_reset=40 uncertainty alpha50 q1e-3 quantile_opp: 0.95
25934,750064.0,-1101.421136856079,ftaey7xg,env_reset=40 uncertainty alpha50 q1e-3 quantile_opp: 0.95
26036,750064.0,-771.3911972045898,ftaey7xg,env_reset=40 uncertainty alpha50 q1e-3 quantile_opp: 0.95
26115,756860.0,-771.3911972045898,ftaey7xg,env_reset=40 uncertainty alpha50 q1e-3 quantile_opp: 0.95
26217,756860.0,-800.3222827911377,ftaey7xg,env_reset=40 uncertainty alpha50 q1e-3 quantile_opp: 0.95
26296,758635.0,-800.3222827911377,ftaey7xg,env_reset=40 uncertainty alpha50 q1e-3 quantile_opp: 0.95
26398,758635.0,-789.21213722229,ftaey7xg,env_reset=40 uncertainty alpha50 q1e-3 quantile_opp: 0.95
26477,761309.0,-789.21213722229,ftaey7xg,env_reset=40 uncertainty alpha50 q1e-3 quantile_opp: 0.95
26579,761309.0,-756.6773796081543,ftaey7xg,env_reset=40 uncertainty alpha50 q1e-3 quantile_opp: 0.95
26658,768815.0,-756.6773796081543,ftaey7xg,env_reset=40 uncertainty alpha50 q1e-3 quantile_opp: 0.95
26760,768815.0,-746.1450624465942,ftaey7xg,env_reset=40 uncertainty alpha50 q1e-3 quantile_opp: 0.95
26839,775404.0,-746.1450624465942,ftaey7xg,env_reset=40 uncertainty alpha50 q1e-3 quantile_opp: 0.95
26941,775404.0,-778.4174709320068,ftaey7xg,env_reset=40 uncertainty alpha50 q1e-3 quantile_opp: 0.95
27020,781342.0,-778.4174709320068,ftaey7xg,env_reset=40 uncertainty alpha50 q1e-3 quantile_opp: 0.95
27122,781342.0,-768.6540031433105,ftaey7xg,env_reset=40 uncertainty alpha50 q1e-3 quantile_opp: 0.95
27201,786551.0,-768.6540031433105,ftaey7xg,env_reset=40 uncertainty alpha50 q1e-3 quantile_opp: 0.95
27303,786551.0,-810.2089233398438,ftaey7xg,env_reset=40 uncertainty alpha50 q1e-3 quantile_opp: 0.95
27382,791967.0,-810.2089233398438,ftaey7xg,env_reset=40 uncertainty alpha50 q1e-3 quantile_opp: 0.95
27484,791967.0,-775.6498107910156,ftaey7xg,env_reset=40 uncertainty alpha50 q1e-3 quantile_opp: 0.95
27563,796811.0,-775.6498107910156,ftaey7xg,env_reset=40 uncertainty alpha50 q1e-3 quantile_opp: 0.95
27665,796811.0,-695.4404811859131,ftaey7xg,env_reset=40 uncertainty alpha50 q1e-3 quantile_opp: 0.95
27744,810254.0,-695.4404811859131,ftaey7xg,env_reset=40 uncertainty alpha50 q1e-3 quantile_opp: 0.95
27846,810254.0,-713.9897861480713,ftaey7xg,env_reset=40 uncertainty alpha50 q1e-3 quantile_opp: 0.95
27925,812209.0,-713.9897861480713,ftaey7xg,env_reset=40 uncertainty alpha50 q1e-3 quantile_opp: 0.95
28027,812209.0,-918.4466381072998,ftaey7xg,env_reset=40 uncertainty alpha50 q1e-3 quantile_opp: 0.95
28106,816184.0,-918.4466381072998,ftaey7xg,env_reset=40 uncertainty alpha50 q1e-3 quantile_opp: 0.95
28208,816184.0,-725.4067506790161,ftaey7xg,env_reset=40 uncertainty alpha50 q1e-3 quantile_opp: 0.95
28287,820890.0,-725.4067506790161,ftaey7xg,env_reset=40 uncertainty alpha50 q1e-3 quantile_opp: 0.95
28389,820890.0,-769.990966796875,ftaey7xg,env_reset=40 uncertainty alpha50 q1e-3 quantile_opp: 0.95
28468,824845.0,-769.990966796875,ftaey7xg,env_reset=40 uncertainty alpha50 q1e-3 quantile_opp: 0.95
28570,824845.0,-822.7456474304199,ftaey7xg,env_reset=40 uncertainty alpha50 q1e-3 quantile_opp: 0.95
28649,833503.0,-822.7456474304199,ftaey7xg,env_reset=40 uncertainty alpha50 q1e-3 quantile_opp: 0.95
28751,833503.0,-805.047492980957,ftaey7xg,env_reset=40 uncertainty alpha50 q1e-3 quantile_opp: 0.95
28830,837562.0,-805.047492980957,ftaey7xg,env_reset=40 uncertainty alpha50 q1e-3 quantile_opp: 0.95
28932,837562.0,-734.642255783081,ftaey7xg,env_reset=40 uncertainty alpha50 q1e-3 quantile_opp: 0.95
29011,844706.0,-734.642255783081,ftaey7xg,env_reset=40 uncertainty alpha50 q1e-3 quantile_opp: 0.95
29113,844706.0,-989.3415641784668,ftaey7xg,env_reset=40 uncertainty alpha50 q1e-3 quantile_opp: 0.95
29192,847804.0,-989.3415641784668,ftaey7xg,env_reset=40 uncertainty alpha50 q1e-3 quantile_opp: 0.95
29294,847804.0,-827.7577991485596,ftaey7xg,env_reset=40 uncertainty alpha50 q1e-3 quantile_opp: 0.95
29373,851709.0,-827.7577991485596,ftaey7xg,env_reset=40 uncertainty alpha50 q1e-3 quantile_opp: 0.95
29475,851709.0,-713.2377424240112,ftaey7xg,env_reset=40 uncertainty alpha50 q1e-3 quantile_opp: 0.95
29554,854130.0,-713.2377424240112,ftaey7xg,env_reset=40 uncertainty alpha50 q1e-3 quantile_opp: 0.95
29656,854130.0,-966.758638381958,ftaey7xg,env_reset=40 uncertainty alpha50 q1e-3 quantile_opp: 0.95
29735,857382.0,-966.758638381958,ftaey7xg,env_reset=40 uncertainty alpha50 q1e-3 quantile_opp: 0.95
29837,857382.0,-713.7631797790527,ftaey7xg,env_reset=40 uncertainty alpha50 q1e-3 quantile_opp: 0.95
29916,860306.0,-713.7631797790527,ftaey7xg,env_reset=40 uncertainty alpha50 q1e-3 quantile_opp: 0.95
30018,860306.0,-687.0128870010376,ftaey7xg,env_reset=40 uncertainty alpha50 q1e-3 quantile_opp: 0.95
30097,868709.0,-687.0128870010376,ftaey7xg,env_reset=40 uncertainty alpha50 q1e-3 quantile_opp: 0.95
30199,868709.0,-687.9220352172852,ftaey7xg,env_reset=40 uncertainty alpha50 q1e-3 quantile_opp: 0.95
30278,872783.0,-687.9220352172852,ftaey7xg,env_reset=40 uncertainty alpha50 q1e-3 quantile_opp: 0.95
30380,872783.0,-822.4514293670654,ftaey7xg,env_reset=40 uncertainty alpha50 q1e-3 quantile_opp: 0.95
30459,878789.0,-822.4514293670654,ftaey7xg,env_reset=40 uncertainty alpha50 q1e-3 quantile_opp: 0.95
30561,878789.0,-895.2751188278198,ftaey7xg,env_reset=40 uncertainty alpha50 q1e-3 quantile_opp: 0.95
30640,882714.0,-895.2751188278198,ftaey7xg,env_reset=40 uncertainty alpha50 q1e-3 quantile_opp: 0.95
30742,882714.0,-979.3960933685303,ftaey7xg,env_reset=40 uncertainty alpha50 q1e-3 quantile_opp: 0.95
30821,884570.0,-979.3960933685303,ftaey7xg,env_reset=40 uncertainty alpha50 q1e-3 quantile_opp: 0.95
30923,884570.0,-675.8211717605591,ftaey7xg,env_reset=40 uncertainty alpha50 q1e-3 quantile_opp: 0.95
31002,890998.0,-675.8211717605591,ftaey7xg,env_reset=40 uncertainty alpha50 q1e-3 quantile_opp: 0.95
31104,890998.0,-706.4825963973999,ftaey7xg,env_reset=40 uncertainty alpha50 q1e-3 quantile_opp: 0.95
31183,901898.0,-706.4825963973999,ftaey7xg,env_reset=40 uncertainty alpha50 q1e-3 quantile_opp: 0.95
31285,901898.0,-786.1429567337036,ftaey7xg,env_reset=40 uncertainty alpha50 q1e-3 quantile_opp: 0.95
31364,907550.0,-786.1429567337036,ftaey7xg,env_reset=40 uncertainty alpha50 q1e-3 quantile_opp: 0.95
31466,907550.0,-730.5535516738892,ftaey7xg,env_reset=40 uncertainty alpha50 q1e-3 quantile_opp: 0.95
31545,912031.0,-730.5535516738892,ftaey7xg,env_reset=40 uncertainty alpha50 q1e-3 quantile_opp: 0.95
31647,912031.0,-756.8403816223145,ftaey7xg,env_reset=40 uncertainty alpha50 q1e-3 quantile_opp: 0.95
31726,916956.0,-756.8403816223145,ftaey7xg,env_reset=40 uncertainty alpha50 q1e-3 quantile_opp: 0.95
31828,916956.0,-743.5499172210693,ftaey7xg,env_reset=40 uncertainty alpha50 q1e-3 quantile_opp: 0.95
31907,922556.0,-743.5499172210693,ftaey7xg,env_reset=40 uncertainty alpha50 q1e-3 quantile_opp: 0.95
32009,922556.0,-654.1935729980469,ftaey7xg,env_reset=40 uncertainty alpha50 q1e-3 quantile_opp: 0.95
32088,927676.0,-654.1935729980469,ftaey7xg,env_reset=40 uncertainty alpha50 q1e-3 quantile_opp: 0.95
32190,927676.0,-725.9805536270142,ftaey7xg,env_reset=40 uncertainty alpha50 q1e-3 quantile_opp: 0.95
32269,937304.0,-725.9805536270142,ftaey7xg,env_reset=40 uncertainty alpha50 q1e-3 quantile_opp: 0.95
32371,937304.0,-631.2349691390991,ftaey7xg,env_reset=40 uncertainty alpha50 q1e-3 quantile_opp: 0.95
32450,942105.0,-631.2349691390991,ftaey7xg,env_reset=40 uncertainty alpha50 q1e-3 quantile_opp: 0.95
32552,942105.0,-722.555193901062,ftaey7xg,env_reset=40 uncertainty alpha50 q1e-3 quantile_opp: 0.95
32631,948780.0,-722.555193901062,ftaey7xg,env_reset=40 uncertainty alpha50 q1e-3 quantile_opp: 0.95
32733,948780.0,-666.8713731765747,ftaey7xg,env_reset=40 uncertainty alpha50 q1e-3 quantile_opp: 0.95
32812,953155.0,-666.8713731765747,ftaey7xg,env_reset=40 uncertainty alpha50 q1e-3 quantile_opp: 0.95
32914,953155.0,-713.3698291778564,ftaey7xg,env_reset=40 uncertainty alpha50 q1e-3 quantile_opp: 0.95
32993,958951.0,-713.3698291778564,ftaey7xg,env_reset=40 uncertainty alpha50 q1e-3 quantile_opp: 0.95
33095,958951.0,-812.5078115463257,ftaey7xg,env_reset=40 uncertainty alpha50 q1e-3 quantile_opp: 0.95
33174,961533.0,-812.5078115463257,ftaey7xg,env_reset=40 uncertainty alpha50 q1e-3 quantile_opp: 0.95
33276,961533.0,-684.0595083236694,ftaey7xg,env_reset=40 uncertainty alpha50 q1e-3 quantile_opp: 0.95
33355,963709.0,-684.0595083236694,ftaey7xg,env_reset=40 uncertainty alpha50 q1e-3 quantile_opp: 0.95
33457,963709.0,-780.5357656478882,ftaey7xg,env_reset=40 uncertainty alpha50 q1e-3 quantile_opp: 0.95
33536,970309.0,-780.5357656478882,ftaey7xg,env_reset=40 uncertainty alpha50 q1e-3 quantile_opp: 0.95
33638,970309.0,-767.1606712341309,ftaey7xg,env_reset=40 uncertainty alpha50 q1e-3 quantile_opp: 0.95
33717,980047.0,-767.1606712341309,ftaey7xg,env_reset=40 uncertainty alpha50 q1e-3 quantile_opp: 0.95
33819,980047.0,-770.0268268585205,ftaey7xg,env_reset=40 uncertainty alpha50 q1e-3 quantile_opp: 0.95
33898,984084.0,-770.0268268585205,ftaey7xg,env_reset=40 uncertainty alpha50 q1e-3 quantile_opp: 0.95
34000,984084.0,-838.8489513397217,ftaey7xg,env_reset=40 uncertainty alpha50 q1e-3 quantile_opp: 0.95
34079,987104.0,-838.8489513397217,ftaey7xg,env_reset=40 uncertainty alpha50 q1e-3 quantile_opp: 0.95
34181,987104.0,-616.2545824050903,ftaey7xg,env_reset=40 uncertainty alpha50 q1e-3 quantile_opp: 0.95
34260,996688.0,-616.2545824050903,ftaey7xg,env_reset=40 uncertainty alpha50 q1e-3 quantile_opp: 0.95
34362,996688.0,-694.1802034378052,ftaey7xg,env_reset=40 uncertainty alpha50 q1e-3 quantile_opp: 0.95
34441,1005911.0,-694.1802034378052,ftaey7xg,env_reset=40 uncertainty alpha50 q1e-3 quantile_opp: 0.95
34543,1005911.0,-996.3340644836426,ftaey7xg,env_reset=40 uncertainty alpha50 q1e-3 quantile_opp: 0.95
34622,1016533.0,-996.3340644836426,ftaey7xg,env_reset=40 uncertainty alpha50 q1e-3 quantile_opp: 0.95
34724,1016533.0,-731.8455228805542,ftaey7xg,env_reset=40 uncertainty alpha50 q1e-3 quantile_opp: 0.95
